Workbook

Sheet Huong_dan
A1: VÍ DỤ B2 — VLOOKUP → INDEX/MATCH → XLOOKUP, LAWS OF LOOKUPS (slide 20–24)
A3: Slide | B3: Thao tác | C3: Kết quả mong đợi
A4: 20 | B4: Sheet Vi_du_VLOOKUP: so cột B (FALSE) và cột C (bỏ trống range_lookup). Chú ý dòng P041 và P21. | C4: Cột B: P041, P21 ra #N/A (đúng: không có mã). Cột C: cả hai ra 71.500 — giá vốn của P040, sai mà không báo lỗi.
A5: 21 | B5: Sheet Vi_du_XLOOKUP, cột B: =INDEX(cột Unit_Cost, MATCH(A2, cột Product_Code, 0)). | C5: Kết quả giống cột B của Vi_du_VLOOKUP; P041, P21 ra #N/A.
A6: 22 | B6: Cột C: =XLOOKUP(A2, cột Product_Code, cột Unit_Cost, "Không có mã"). Cột F: tra ngược từ Product_Name ra mã (cột trả về nằm bên trái). | C6: P005 = 83.500; P041, P21 hiện “Không có mã”. F2:F4 = P014, P039, P027.
A7: 23 | B7: Sheet Vi_du_KhoaTrung. Xem cột E (XLOOKUP Unit_Cost của P021) và ô D3:D6. Sang sheet Product, xem dòng 22–23. | C7: 143 dòng P021 đều lấy Unit_Cost 62.000 (bản ghi cũ đứng trước). D3 = 2, D4 = 2. COGS P021 = 15.872.000 thay vì 17.664.000 (thiếu 1.792.000).
A8: 23 | B8: Sửa: ở sheet Product xóa dòng 22 (bản ghi “mã cũ – ngừng KD 2024”). Quay lại Vi_du_KhoaTrung. | C8: Cột E thành 69.000; D5 = D6 = 17.664.000; D3 = 1, D4 = 0.
A9: 24 | B9: Sheet Vi_du_KieuKhoa: xem cột C (tra thẳng) và cột E (sau khi sửa bằng VALUE / TRIM). Gõ =LEN(A11) ở một ô trống. | C9: C9, C11, C12 ra #N/A; E9:E12 ra Bắc, Trung, Cà phê rang xay 500g, Mì ăn liền tôm chua cay (thùng 30 gói). LEN(A11) = 5.

Sheet Product
A1: Product_Code | B1: Product_Name | C1: Category | D1: Unit_Price | E1: Unit_Cost
A2: P001 | B2: Nước suối 500ml (lốc 6 chai) | C2: Đồ uống | D2: 32000 | E2: 23000
A3: P002 | B3: Nước ngọt có ga 330ml (lốc 6 lon) | C3: Đồ uống | D3: 58000 | E3: 43000
A4: P003 | B4: Trà xanh đóng chai 455ml | C4: Đồ uống | D4: 10000 | E4: 7000
A5: P004 | B5: Cà phê hòa tan 3in1 (hộp 20 gói) | C5: Đồ uống | D5: 62000 | E5: 42000
A6: P005 | B6: Cà phê rang xay 500g | C6: Đồ uống | D6: 135000 | E6: 83500
A7: P006 | B7: Nước ép trái cây 1L | C7: Đồ uống | D7: 45000 | E7: 31500
A8: P007 | B8: Bia lon 330ml (thùng 24 lon) | C8: Đồ uống | D8: 345000 | E8: 283000
A9: P008 | B9: Sữa tươi tiệt trùng 1L | C9: Sữa | D9: 36000 | E9: 28000
A10: P009 | B10: Sữa tươi 180ml (lốc 4 hộp) | C10: Sữa | D10: 32000 | E10: 25000
A11: P010 | B11: Sữa chua ăn (lốc 4 hộp) | C11: Sữa | D11: 28000 | E11: 20000
A12: P011 | B12: Sữa bột trẻ em 800g | C12: Sữa | D12: 485000 | E12: 388000
A13: P012 | B13: Sữa đặc có đường 380g | C13: Sữa | D13: 26000 | E13: 20000
... A42: P040 | B42: Nước xả vải 1.6L | C42: Gia dụng | D42: 99000 | E42: 71500

Sheet Vi_du_VLOOKUP
A1: Product_Code | B1: VLOOKUP khớp chính xác (FALSE) | C1: VLOOKUP bỏ trống range_lookup | D1: Ghi chú
A2: P005 | B2: =VLOOKUP(A2,Product!$A$2:$E$42,5,FALSE) -> 83500 | C2: =VLOOKUP(A2,Product!$A$2:$E$42,5) -> 83500
A3: P013 | B3: =VLOOKUP(A3,Product!$A$2:$E$42,5,FALSE) -> 102500 | C3: =VLOOKUP(A3,Product!$A$2:$E$42,5) -> 102500
A4: P027 | B4: =VLOOKUP(A4,Product!$A$2:$E$42,5,FALSE) -> 390000 | C4: =VLOOKUP(A4,Product!$A$2:$E$42,5) -> 390000
A5: P041 | B5: =VLOOKUP(A5,Product!$A$2:$E$42,5,FALSE) -> #N/A | C5: =VLOOKUP(A5,Product!$A$2:$E$42,5) -> 71500 | D5: Mã mới, chưa có trong danh mục
A6: P21 | B6: =VLOOKUP(A6,Product!$A$2:$E$42,5,FALSE) -> #N/A | C6: =VLOOKUP(A6,Product!$A$2:$E$42,5) -> 71500 | D6: Gõ thiếu số 0 (đúng là P021)
A7: P039 | B7: =VLOOKUP(A7,Product!$A$2:$E$42,5,FALSE) -> 135000 | C7: =VLOOKUP(A7,Product!$A$2:$E$42,5) -> 135000

Sheet Vi_du_XLOOKUP
A1: Product_Code | B1: INDEX / MATCH | C1: XLOOKUP (có if_not_found) | E1: Product_Name cần tra ngược | F1: Mã (XLOOKUP sang trái)
A2: P005 | B2: =INDEX(Product!$E$2:$E$42,MATCH(A2,Product!$A$2:$A$42,0)) -> 83500 | C2: =_xlfn.XLOOKUP(A2,Product!$A$2:$A$42,Product!$E$2:$E$42,"Không có mã") -> 83500 | E2: Gạo thơm 5kg | F2: =_xlfn.XLOOKUP(E2,Product!$B$2:$B$42,Product!$A$2:$A$42) -> P014
A3: P013 | B3: =INDEX(Product!$E$2:$E$42,MATCH(A3,Product!$A$2:$A$42,0)) -> 102500 | C3: =_xlfn.XLOOKUP(A3,Product!$A$2:$A$42,Product!$E$2:$E$42,"Không có mã") -> 102500 | E3: Chảo chống dính 26cm | F3: =_xlfn.XLOOKUP(E3,Product!$B$2:$B$42,Product!$A$2:$A$42) -> P039
A4: P027 | B4: =INDEX(Product!$E$2:$E$42,MATCH(A4,Product!$A$2:$A$42,0)) -> 390000 | C4: =_xlfn.XLOOKUP(A4,Product!$A$2:$A$42,Product!$E$2:$E$42,"Không có mã") -> 390000 | E4: Hộp quà Tết cao cấp | F4: =_xlfn.XLOOKUP(E4,Product!$B$2:$B$42,Product!$A$2:$A$42) -> P027
A5: P041 | B5: =INDEX(Product!$E$2:$E$42,MATCH(A5,Product!$A$2:$A$42,0)) -> #N/A | C5: =_xlfn.XLOOKUP(A5,Product!$A$2:$A$42,Product!$E$2:$E$42,"Không có mã") -> Không có mã
A6: P21 | B6: =INDEX(Product!$E$2:$E$42,MATCH(A6,Product!$A$2:$A$42,0)) -> #N/A | C6: =_xlfn.XLOOKUP(A6,Product!$A$2:$A$42,Product!$E$2:$E$42,"Không có mã") -> Không có mã
A7: P039 | B7: =INDEX(Product!$E$2:$E$42,MATCH(A7,Product!$A$2:$A$42,0)) -> 135000 | C7: =_xlfn.XLOOKUP(A7,Product!$A$2:$A$42,Product!$E$2:$E$42,"Không có mã") -> 135000

Sheet Vi_du_KhoaTrung
A1: LAWS OF LOOKUPS — KHÓA PHẢI DUY NHẤT
A3: Số lần P021 xuất hiện trong Product | D3: =COUNTIF(Product!$A$2:$A$42,"P021") -> 2
A4: Số dòng có mã bị trùng trong Product | D4: =SUMPRODUCT(--(COUNTIF(Product!$A$2:$A$42,Product!$A$2:$A$42)>1)) -> 2
A5: Tổng COGS của P021 (theo cột F bên dưới) | D5: =SUM(F9:F151) -> 15872000
A6: Tổng COGS đúng (Unit_Cost 69.000) | D6: =SUM(D9:D151)*69000 -> 17664000
A8: Order_ID | B8: Line_No | C8: Product_Code | D8: Quantity | E8: Unit_Cost (XLOOKUP) | F8: COGS
A9: HD2501-00098 | B9: 2 | C9: P021 | D9: 1 | E9: =_xlfn.XLOOKUP(C9,Product!$A$2:$A$42,Product!$E$2:$E$42) -> 62000 | F9: =D9*E9 -> 62000
A10: HD2501-00281 | B10: 1 | C10: P021 | D10: 1 | E10: =_xlfn.XLOOKUP(C10,Product!$A$2:$A$42,Product!$E$2:$E$42) -> 62000 | F10: =D10*E10 -> 62000
A11: HD2501-00283 | B11: 1 | C11: P021 | D11: 4 | E11: =_xlfn.XLOOKUP(C11,Product!$A$2:$A$42,Product!$E$2:$E$42) -> 62000 | F11: =D11*E11 -> 248000
A12: HD2501-00381 | B12: 1 | C12: P021 | D12: 3 | E12: =_xlfn.XLOOKUP(C12,Product!$A$2:$A$42,Product!$E$2:$E$42) -> 62000 | F12: =D12*E12 -> 186000
A13: HD2501-00398 | B13: 3 | C13: P021 | D13: 6 | E13: =_xlfn.XLOOKUP(C13,Product!$A$2:$A$42,Product!$E$2:$E$42) -> 62000 | F13: =D13*E13 -> 372000
A14: HD2501-00458 | B14: 3 | C14: P021 | D14: 2 | E14: =_xlfn.XLOOKUP(C14,Product!$A$2:$A$42,Product!$E$2:$E$42) -> 62000 | F14: =D14*E14 -> 124000
A15: HD2501-00512 | B15: 2 | C15: P021 | D15: 1 | E15: =_xlfn.XLOOKUP(C15,Product!$A$2:$A$42,Product!$E$2:$E$42) -> 62000 | F15: =D15*E15 -> 62000
A16: HD2501-00630 | B16: 1 | C16: P021 | D16: 4 | E16: =_xlfn.XLOOKUP(C16,Product!$A$2:$A$42,Product!$E$2:$E$42) -> 62000 | F16: =D16*E16 -> 248000
A17: HD2501-00688 | B17: 3 | C17: P021 | D17: 3 | E17: =_xlfn.XLOOKUP(C17,Product!$A$2:$A$42,Product!$E$2:$E$42) -> 62000 | F17: =D17*E17 -> 186000
A18: HD2501-00738 | B18: 3 | C18: P021 | D18: 3 | E18: =_xlfn.XLOOKUP(C18,Product!$A$2:$A$42,Product!$E$2:$E$42) -> 62000 | F18: =D18*E18 -> 186000
A19: HD2501-00747 | B19: 2 | C19: P021 | D19: 4 | E19: =_xlfn.XLOOKUP(C19,Product!$A$2:$A$42,Product!$E$2:$E$42) -> 62000 | F19: =D19*E19 -> 248000
A20: HD2501-00752 | B20: 1 | C20: P021 | D20: 1 | E20: =_xlfn.XLOOKUP(C20,Product!$A$2:$A$42,Product!$E$2:$E$42) -> 62000 | F20: =D20*E20 -> 62000
... A151: HD2503-00916 | B151: 2 | C151: P021 | D151: 1 | E151: =_xlfn.XLOOKUP(C151,Product!$A$2:$A$42,Product!$E$2:$E$42) -> 62000 | F151: =D151*E151 -> 62000

Sheet Vi_du_KieuKhoa
A1: KHÓA NHÌN GIỐNG NHAU NHƯNG KHÁC KIỂU
A3: Mã vùng (số) | B3: Tên vùng
A4: 1 | B4: Bắc
A5: 2 | B5: Trung
A6: 3 | B6: Nam
A8: Giá trị tra | B8: Kiểu | C8: XLOOKUP thẳng | D8: Cách sửa | E8: XLOOKUP sau khi sửa
A9: 1 | B9: Text (số lưu dạng chữ, từ file CSV) | C9: =_xlfn.XLOOKUP(A9,$A$4:$A$6,$B$4:$B$6) -> #N/A | D9: VALUE(A9) | E9: =_xlfn.XLOOKUP(VALUE(A9),$A$4:$A$6,$B$4:$B$6) -> Bắc
A10: 2 | B10: Số | C10: =_xlfn.XLOOKUP(A10,$A$4:$A$6,$B$4:$B$6) -> Trung | D10: — | E10: =_xlfn.XLOOKUP(A10,$A$4:$A$6,$B$4:$B$6) -> Trung
A11: P005 | B11: Text có dấu cách thừa ở cuối | C11: =_xlfn.XLOOKUP(A11,Product!$A$2:$A$42,Product!$B$2:$B$42) -> #N/A | D11: TRIM(A11) | E11: =_xlfn.XLOOKUP(TRIM(A11),Product!$A$2:$A$42,Product!$B$2:$B$42) -> Cà phê rang xay 500g
A12: P013 | B12: Text có dấu cách thừa ở đầu | C12: =_xlfn.XLOOKUP(A12,Product!$A$2:$A$42,Product!$B$2:$B$42) -> #N/A | D12: TRIM(A12) | E12: =_xlfn.XLOOKUP(TRIM(A12),Product!$A$2:$A$42,Product!$B$2:$B$42) -> Mì ăn liền tôm chua cay (thùng 30 gói)
A14: Kiểm tra độ dài: =LEN(A11) ra 5 thay vì 4 → có ký tự thừa.
