Workbook

Sheet Demo_Trendline
A1: Bảng Ngày–Doanh thu MCI Mart: 01/01/2024–30/04/2025 (486 ngày liên tục)
A3: Ngay | B3: Doanh thu
A4: 45292 | B4: 6334500
A5: 45293 | B5: 8021000
A6: 45294 | B6: 6595000
A7: 45295 | B7: 7842000
A8: 45296 | B8: 6053500
A9: 45297 | B9: 7976500
A10: 45298 | B10: 9728000
A11: 45299 | B11: 6034000
A12: 45300 | B12: 3603000
A13: 45301 | B13: 5457000
A14: 45302 | B14: 6489000
A15: 45303 | B15: 11914500
... A489: 45777 | B489: 7416000

Sheet Thong_ke
A1: Thống kê trên bảng Ngày–Doanh thu
A3: STT | B3: Thu (1 = Thứ Hai) | D3: Thứ | E3: Doanh thu TB mỗi ngày
A4: 1 | B4: =WEEKDAY(Demo_Trendline!A4,2) | D4: Thứ Hai | E4: =AVERAGEIFS(tblNgay[Doanh thu],$B$4:$B$489,1)
A5: 2 | B5: =WEEKDAY(Demo_Trendline!A5,2) | D5: Thứ Ba | E5: =AVERAGEIFS(tblNgay[Doanh thu],$B$4:$B$489,2)
A6: 3 | B6: =WEEKDAY(Demo_Trendline!A6,2) | D6: Thứ Tư | E6: =AVERAGEIFS(tblNgay[Doanh thu],$B$4:$B$489,3)
A7: 4 | B7: =WEEKDAY(Demo_Trendline!A7,2) | D7: Thứ Năm | E7: =AVERAGEIFS(tblNgay[Doanh thu],$B$4:$B$489,4)
A8: 5 | B8: =WEEKDAY(Demo_Trendline!A8,2) | D8: Thứ Sáu | E8: =AVERAGEIFS(tblNgay[Doanh thu],$B$4:$B$489,5)
A9: 6 | B9: =WEEKDAY(Demo_Trendline!A9,2) | D9: Thứ Bảy | E9: =AVERAGEIFS(tblNgay[Doanh thu],$B$4:$B$489,6)
A10: 7 | B10: =WEEKDAY(Demo_Trendline!A10,2) | D10: Chủ nhật | E10: =AVERAGEIFS(tblNgay[Doanh thu],$B$4:$B$489,7)
A11: 8 | B11: =WEEKDAY(Demo_Trendline!A11,2)
A12: 9 | B12: =WEEKDAY(Demo_Trendline!A12,2)
A13: 10 | B13: =WEEKDAY(Demo_Trendline!A13,2) | D13: Chủ nhật ÷ Thứ Hai − 1 | E13: =E10/E4-1
A14: 11 | B14: =WEEKDAY(Demo_Trendline!A14,2) | D14: Cuối tuần ÷ ngày thường − 1 | E14: =AVERAGEIFS(tblNgay[Doanh thu],$B$4:$B$489,">=6")/AVERAGEIFS(tblNgay[Doanh thu],$B$4:$B$489,"<=5")-1
A15: 12 | B15: =WEEKDAY(Demo_Trendline!A15,2) | D15: Số ngày | E15: =COUNT(tblNgay[Doanh thu])
A16: 13 | B16: =WEEKDAY(Demo_Trendline!A16,2) | D16: Tổng doanh thu | E16: =SUM(tblNgay[Doanh thu])
A17: 14 | B17: =WEEKDAY(Demo_Trendline!A17,2) | D17: Độ lệch chuẩn doanh thu ngày | E17: =_xlfn.STDEV.S(tblNgay[Doanh thu])
A18: 15 | B18: =WEEKDAY(Demo_Trendline!A18,2) | D18: Độ dốc Trendline (VNĐ/ngày, x = STT) | E18: =SLOPE(tblNgay[Doanh thu],$A$4:$A$489)
A19: 16 | B19: =WEEKDAY(Demo_Trendline!A19,2) | D19: R² của Trendline tuyến tính | E19: =RSQ(tblNgay[Doanh thu],$A$4:$A$489)
A20: 17 | B20: =WEEKDAY(Demo_Trendline!A20,2) | D20: Dự báo tuyến tính ngày STT 487 (01/05/2025) | E20: =_xlfn.FORECAST.LINEAR(487,tblNgay[Doanh thu],$A$4:$A$489)
A21: 18 | B21: =WEEKDAY(Demo_Trendline!A21,2)
A22: 19 | B22: =WEEKDAY(Demo_Trendline!A22,2)
A23: 20 | B23: =WEEKDAY(Demo_Trendline!A23,2)
A24: 21 | B24: =WEEKDAY(Demo_Trendline!A24,2)
A25: 22 | B25: =WEEKDAY(Demo_Trendline!A25,2)
A26: 23 | B26: =WEEKDAY(Demo_Trendline!A26,2)
A27: 24 | B27: =WEEKDAY(Demo_Trendline!A27,2)
A28: 25 | B28: =WEEKDAY(Demo_Trendline!A28,2)
A29: 26 | B29: =WEEKDAY(Demo_Trendline!A29,2)
A30: 27 | B30: =WEEKDAY(Demo_Trendline!A30,2)
A31: 28 | B31: =WEEKDAY(Demo_Trendline!A31,2)
A32: 29 | B32: =WEEKDAY(Demo_Trendline!A32,2)
... A489: 486 | B489: =WEEKDAY(Demo_Trendline!A489,2)

Sheet Demo_ETS
A1: Hàm dự báo ETS trên bảng tblNgay (Forecast Sheet: Data → Forecast → Forecast Sheet, tạo sheet mới)
A3: Ngày dự báo | B3: 45778
A4: FORECAST.ETS (mùa 7) | B4: =_xlfn.FORECAST.ETS(B3,tblNgay[Doanh thu],tblNgay[Ngay],7)
A5: FORECAST.ETS.CONFINT 95% (mùa 7) | B5: =_xlfn.FORECAST.ETS.CONFINT(B3,tblNgay[Doanh thu],tblNgay[Ngay],0.95,7)
A6: FORECAST.ETS.SEASONALITY (tự phát hiện) | B6: =_xlfn.FORECAST.ETS.SEASONALITY(tblNgay[Doanh thu],tblNgay[Ngay])
A7: Cận dưới 95% | B7: =B4-B5
A8: Cận trên 95% | B8: =B4+B5

Sheet Huong_dan
A1: DEMO B6 — DỰ BÁO NHẬP MÔN (slide 23–24)
A3: Slide | B3: Thao tác | C3: Kết quả mong đợi
A4: 23 | B4: Sheet Demo_Trendline: bảng tblNgay (Ngay, Doanh thu). Chọn bảng → Insert → Line chart. Chart Elements → Trendline → Linear; Format Trendline → Forecast Forward 30 periods; tích Display R-squared. | C4: 486 dòng, liên tục 01/01/2024–30/04/2025 (đủ 486 ngày). R² = 0,045; độ dốc ≈ +4.742 VNĐ/ngày (sheet Thong_ke, E18:E19). Dự báo ngày 487 (01/05/2025) ≈ 10,28 triệu (E20).
A5: 23 | B5: Sheet Thong_ke: đọc doanh thu trung bình theo thứ (D4:E10). | C5: Thứ Hai 8.434.264 · Ba 8.643.886 · Tư 8.696.329 · Năm 8.816.072 · Sáu 8.722.935 · Bảy 10.067.797 · Chủ nhật 10.547.341. Chủ nhật hơn thứ Hai 25,1%; cuối tuần hơn ngày thường 19,0%.
A6: 24 | B6: Chọn một ô trong tblNgay → Data → Forecast → Forecast Sheet → Options: Forecast End 30/05/2025; Confidence Interval 95%; Seasonality → Set Manually 7 → Create. | C6: Sheet mới có cột Forecast, Lower Confidence Bound, Upper Confidence Bound và biểu đồ có răng cưa cuối tuần. Thử thêm lần Detect Automatically để so với Set Manually 7.
A7: 24 | B7: Sheet Demo_ETS: đọc B3:B8 (hàm FORECAST.ETS, FORECAST.ETS.CONFINT, FORECAST.ETS.SEASONALITY). | C7: B4 là điểm dự báo ngày 01/05/2025; B5 là nửa chiều rộng dải 95%; B6 là chu kỳ Excel tự phát hiện. Ghi lại các số này để so với thực tế.
A8: 24 | B8: Kiểm chứng ngược: trong hộp Forecast Sheet, đặt Forecast Start = 01/04/2025 (trước ngày cuối dữ liệu), so đường Forecast với thực tế. | C8: Thực tế tháng 4/2025 = 296.965.000 (trung bình 9.898.833 mỗi ngày). Ghi tổng 30 ngày dự báo để so sánh.
